{
  "type": "object",
  "defaultProperties": [
    "name",
    "type",
    "url"
  ],
  "properties": {
    "url": {
      "type": "string",
      "title": "#URL",
      "description": "The URL of the ABS ITT API, typically http://stat.abs.gov.au/itt/query.jsp."
    },
    "filter": {
      "type": "array",
      "title": "#Filter",
      "description": "The filter for the ABS dataset.  You can obtain a list of all datasets by querying\nhttp://stat.abs.gov.au/itt/query.jsp?method=GetDatasetList (or equivalent).  This property\nis observable.",
      "format": "tabs",
      "items": {
        "type": "string"
      }
    },
    "tableStyle": {
      "type": "object",
      "title": "#Table style",
      "description": "The styling for the abs data."
    },
    "dataCustodian": {
      "type": "string",
      "title": "#Data custodian",
      "description": "A description of the custodian of the data sources in this group.\nThis property is an HTML string that must be sanitized before display to the user."
    },
    "blacklist": {
      "type": "object",
      "title": "#Blacklist",
      "description": "A hash of names of blacklisted datasets.  A dataset that appears in this hash\nwill not be shown to the user.  In this hash, the keys should be the name of the dataset to blacklist,\nand the values should be \"true\".",
      "additionalProperties": {
        "type": "boolean",
        "format": "checkbox"
      }
    },
    "whitelist": {
      "type": "object",
      "title": "#Whitelist",
      "description": "A hash of names of whitelisted datasets.  A dataset that doesn't appears in this hash\nwill not be shown to the user.  In this hash, the keys should be the name of the dataset to blacklist,\nand the values should be \"true\".",
      "additionalProperties": {
        "type": "boolean",
        "format": "checkbox"
      }
    },
    "type": {
      "type": "string",
      "enum": [
        "abs-itt-dataset-list"
      ],
      "options": {
        "hidden": true
      }
    }
  },
  "description": "A {@link CatalogGroup} representing a collection of items from an Australian Bureau of Statistics\n(ABS) ITT server, formed by querying for all the codes in a given dataset and concept.",
  "title": "ABS.Stat Dataset List",
  "allOf": [
    {
      "$ref": "CatalogGroup.json"
    },
    {
      "$ref": "CatalogMember.json"
    }
  ]
}