{
  "type": "object",
  "defaultProperties": [
    "name",
    "type",
    "url"
  ],
  "properties": {
    "isOpen": {
      "type": "boolean",
      "title": "#Is open",
      "description": "A value indicating whether the group is currently expanded and showing\nits children.",
      "format": "checkbox"
    },
    "isLoading": {
      "type": "boolean",
      "title": "#Is loading",
      "description": "A value indicating whether the group is currently loading.  This property\nis observable.",
      "format": "checkbox"
    }
  },
  "description": "A group of data items and other groups in the {@link Catalog}.  A group can contain\n{@link CatalogMember|CatalogMembers} or other\n{@link CatalogGroup|CatalogGroups}.",
  "title": "Group",
  "allOf": [
    {
      "$ref": "CatalogMember.json"
    }
  ]
}