{
    "corsDomains" : [
        "data.gov.au",
        "ga.gov.au",
        "corsproxy.com",
        "programs.communications.gov.au"
    ],
    "homeCamera": {
        "west": 105,
        "south": -45,
        "east": 155,
        "north": -5
    },
    "services": [],
    "catalog": [
        {
            "name": "National Data Sets CKAN",
            "type": "ckan",
            "url": "http://ckan-nm.nicta.com.au",
            "filterQuery": [ "q=res_format:WMS", "q=res_format:%22Esri%20REST%22" ],
            "filterByWmsGetCapabilities": false,
            "minimumMaxScaleDenominator": 1e10,
            "wmsParameters": {"tiled" : true},
            "blacklist": {
            }
        },
        {
            "name": "Data Providers",
            "type": "group",
            "items": [
                {
                    "name": "Topography (Geoscience Australia)",
                    "description": "[Licence](http://www.ga.gov.au/copyright)",
                    "dataCustodian": "[Geoscience Australia](http://www.ga.gov.au/)",
                    "url": "http://geoserver.nationalmap.nicta.com.au/geotopo_250k/ows",
                    "type": "wms-getCapabilities"
                },
                {
                    "name": "Water (Bureau of Meteorology Geofabric)",
                    "description": "[Licence](http://creativecommons.org/licenses/by/3.0/au/)",
                    "dataCustodian": "[Australian Bureau of Meteorology](http://www.bom.gov.au/water/geofabric/)",
                    "url": "http://geofabric.bom.gov.au/simplefeatures/ows",
                    "type": "wms-getCapabilities"
                },
                {
                    "name": "Boundaries (Australia Bureau of Statistics)",
                    "description": "[Licence](http://creativecommons.org/licenses/by/2.5/au/)",
                    "dataCustodian": "[Australian Bureau of Statistics](http://www.abs.gov.au/)",
                    "url": "http://geoserver.nationalmap.nicta.com.au/admin_bnds_abs/ows",
                    "type": "wms-getCapabilities"
                },
                {
                    "name": "data.gov.au",
                    "dataCustodian": "[data.gov.au](http://www.data.gov.au/)",
                    "url": "http://data.gov.au/geoserver/ows",
                    "type": "wms-getCapabilities"
                },
                {
                    "name": "National Exposure Information System 2012",
                    "description": "[Licence](http://www.ga.gov.au/copyright)",
                    "dataCustodian": "[Geoscience Australia](http://www.ga.gov.au/)",
                    "url": "http://www.ga.gov.au/gis/services/hazards/NEXIS_2012_WMS/MapServer/WMSServer",
                    "type": "wms-getCapabilities"
                }
            ]
        }
    ]
}
