{
    "corsDomains" : [
        "data.gov.au",
        "ga.gov.au",
        "corsproxy.com",
        "programs.communications.gov.au"
    ],
    "homeCamera": {
        "west": 144.3,
        "south": -38.3,
        "east": 144.5,
        "north": -38.0
    },
    "services": [],
    "catalog": [
        {
            "name": "Geelong Open Data",
            "type": "ckan",
            "url": "http://www.data.gov.au",
            "filterQuery": ["fq=organization%3acity-of-greater-geelong"],
            "filterByWmsGetCapabilities": false,
            "minimumMaxScaleDenominator": 1e10,
            "blacklist": {
                "Rainforests (EVC_2005)": true
            }
        }
    ]
}
