{
  "homeCamera": {
    "north": -8,
    "east": 158,
    "south": -45,
    "west": 109
  },
  "catalog": [
    {
      "type": "wms-group",
      "name": "Test",
      "url": "https://programs.communications.gov.au/geoserver/ows",
      "members": [
        {
          "type": "wms",
          "localId": "mybroadband%3AMyBroadband_ADSL_Availability",
          "legends": [
            {
              "items": [
                {
                  "title": "A - Best",
                  "color": "#6B0038"
                },
                {
                  "title": "B",
                  "color": "#F41911"
                },
                {
                  "title": "C",
                  "color": "#F67F00"
                },
                {
                  "title": "D",
                  "color": "#D78B6D"
                },
                {
                  "title": "E - Worst",
                  "color": "#ECD2BE"
                },
                {
                  "title": "No data",
                  "color": "rgba(0,0,0,0)",
                  "outlineColor": "black",
                  "addSpacingAbove": true
                }
              ]
            }
          ]
        }
      ]
    },
    {
      "type": "geojson",
      "name": "GeoJSON Test",
      "url": "test/bike_racks.geojson"
    },
    {
      "type": "wms-group",
      "name": "Marine water quality grids for the Great Barrier Reef region - monthly data",
      "url": "proxy/_0d/http://ereeftds.bom.gov.au/ereefs/tds/wms/ereefs/mwq_gridAgg_P1M"
    },
    {
      "type": "wms-group",
      "name": "WMS layers for the Australian Renewable Energy Mapping Infrastructure project.",
      "url": "https://gis.aremi.data61.io/bom/wms"
    },
    {
      "type": "magda",
      "url": "https://data.gov.au",
      "name": "Magda Item",
      "isMappable": true,
      "recordId": "ds-ga-93e51355-f5b9-4219-8dc4-815732d9e869"
    },
    {
      "type": "csv",
      "url": "test/incidents_notime.csv",
      "name": "CSV Test"
    },
    {
      "type": "csv",
      "url": "test/localphotostories20092014.csv",
      "name": "ABC Photo Stories"
    },
    {
      "type": "csv",
      "url": "test/NSW_LGA_NEXIS_201212.csv",
      "name": "NSW LGA NEXIS 2012"
    },
    {
      "url": "http://services.ga.gov.au/gis/rest/services/GA_Surface_Geology/MapServer",
      "type": "esri-mapServer",
      "dataCustodian": "[Geoscience Australia](http://www.ga.gov.au/)",
      "name": "Surface Geology",
      "rectangle": { "west": 106, "south": -52, "east": 172, "north": -8 },
      "info": [
        {
          "name": "Licence",
          "content": "[Creative Commons Attribution 4.0 International (CC BY 4.0)](http://creativecommons.org/licenses/by/4.0/)"
        }
      ]
    },
    {
      "name": "Brisbane 3D city model (aero3Dpro)",
      "type": "3d-tiles",
      "description": "![aero3Dpro](http://aero3dpro.com.au/images/aero3dpro-logo2.png)\n\nAero3Dpro is an Australian 3D mapping service for the generation of geographically accurate, fully textured and high resolution 3D models of natural and urban environments.\n\nIt is an end-to-end service based on aerial photogrammetry techniques including flight planning, image acquisition, 3D processing, geo-registration and final delivery.\n\nAero3Dpro models can be provided as stand-alone data for use in common 3D rendering and CAD software or as 3D GIS-ready products.\n\nhttp://aero3dpro.com.au/\n\nThese datasets use the [Cesium 3D Tiles](https://github.com/AnalyticalGraphicsInc/3d-tiles) format.",
      "url": "https://sample.aero3dpro.com.au/BrisbaneCBD/Scene/recon_h_3DTiles.json",
      "options": {
        "maximumScreenSpaceError": 1,
        "maximumNumberOfLoadedTiles": 1000
      },
      "rectangle": {
        "west": 153.01,
        "south": -27.484,
        "east": 153.034,
        "north": -27.46
      }
    },
    {
      "name": "Melbourne 3D city model (aero3Dpro)",
      "type": "3d-tiles",
      "description": "![aero3Dpro](http://aero3dpro.com.au/images/aero3dpro-logo2.png)\n\nAero3Dpro is an Australian 3D mapping service for the generation of geographically accurate, fully textured and high resolution 3D models of natural and urban environments.\n\nIt is an end-to-end service based on aerial photogrammetry techniques including flight planning, image acquisition, 3D processing, geo-registration and final delivery.\n\nAero3Dpro models can be provided as stand-alone data for use in common 3D rendering and CAD software or as 3D GIS-ready products.\n\nhttp://aero3dpro.com.au/\n\nThese datasets use the [Cesium 3D Tiles](https://github.com/AnalyticalGraphicsInc/3d-tiles) format.",
      "url": "https://sample.aero3dpro.com.au/Melbourne/Scene/recon_h_3DTiles.json",
      "options": {
        "maximumScreenSpaceError": 1,
        "maximumNumberOfLoadedTiles": 1000
      },
      "rectangle": {
        "west": 144.868,
        "south": -37.885,
        "east": 145.018,
        "north": -37.775
      }
    },
    {
      "name": "Sydney 3D city model (aero3Dpro)",
      "type": "3d-tiles",
      "description": "![aero3Dpro](http://aero3dpro.com.au/images/aero3dpro-logo2.png)\n\nAero3Dpro is an Australian 3D mapping service for the generation of geographically accurate, fully textured and high resolution 3D models of natural and urban environments.\n\nIt is an end-to-end service based on aerial photogrammetry techniques including flight planning, image acquisition, 3D processing, geo-registration and final delivery.\n\nAero3Dpro models can be provided as stand-alone data for use in common 3D rendering and CAD software or as 3D GIS-ready products.\n\nhttp://aero3dpro.com.au/\n\nThese datasets use the [Cesium 3D Tiles](https://github.com/AnalyticalGraphicsInc/3d-tiles) format.",
      "url": "https://sample.aero3dpro.com.au/Sydney/Scene/recon_h_3DTiles.json",
      "options": {
        "maximumScreenSpaceError": 1,
        "maximumNumberOfLoadedTiles": 1000
      },
      "rectangle": {
        "west": 151.161,
        "south": -33.923,
        "east": 151.3075,
        "north": -33.796
      }
    },
    {
      "type": "gltf",
      "url": "https://cesiumjs.org/Cesium/Apps/SampleData/models/CesiumAir/Cesium_Air.glb",
      "name": "Cesium Air",
      "origin": {
        "longitude": 151.197,
        "latitude": -33.895,
        "height": 100
      },
      "upAxis": "Y",
      "forwardAxis": "X"
    },
    {
      "type": "gtfs",
      "url": "https://api.transport.nsw.gov.au/v1/gtfs/vehiclepos/buses",
      "image": "images/icons/sydney_bus_icon_smaller.png",
      "name": "NSW Live Transport - Buses",
      "apiKey": "l4VnvZi4uQLSvD7lwN2ac7vIDJUJ3epYva4l",
      "refreshInterval": 5,
      "featureInfoTemplate": {
        "name": "{{vehicle_trip_bus_number}}",
        "template": "<b>Bus:</b> {{route_short_name}}<br><b>Occupancy:</b> {{occupancy_status_str}}<br><b>Speed:</b> {{speed_km}} km/h<br><b style='padding-right: 5px'>Direction:</b> <span style='transform: rotate({{bearing}}deg); width: 10px; display: inline-block' aria-label='{{bearing}} degrees' role='img' title='{{bearing}} degrees'>&#x2B06;</div>"
      },
      "model": {
        "url": "lowpoly_bus/scene.gltf",
        "scale": 0.3048,
        "maximumDistance": 500.0,
        "bearingDirectionProperty": "vehicle.position.bearing",
        "compassDirectionProperty": "vehicle.position.compass"
      }
    },
    {
      "type": "csv",
      "name": "All generation types",
      "id": "54a553b4",
      "info": [
        {
          "name": "Description",
          "content": "The AEMO Actual Generation and Load data represents actual generation data for each scheduled generation unit, semi-scheduled generation unit, and non-scheduled generating systems (a non-scheduled generating system comprising non-scheduled generating units) for registered units in the National Electricity Market (NEM). The data is given in MegaWatt (MW). <br/> <br/>Detailed information about the AEMO Generation and Load data is available here: <br/> <br/>[http://aemo.com.au/Electricity/Data/Market-Management-System-MMS/Generation-and-Load](http://aemo.com.au/Electricity/Data/Market-Management-System-MMS/Generation-and-Load) <br/> <br/>Visualisation of AEMO current generation data is based on data files generated every 5 minutes available here: <br/> <br/>[http://www.nemweb.com.au/REPORTS/CURRENT/Dispatch_SCADA/](http://www.nemweb.com.au/REPORTS/CURRENT/Dispatch_SCADA/) <br/> <br/>Visualisation of AEMO historic data is based on daily data files available here: <br/> <br/>[http://www.nemweb.com.au/REPORTS/ARCHIVE/Dispatch_SCADA/](http://www.nemweb.com.au/REPORTS/ARCHIVE/Dispatch_SCADA/) <br/> <br/>AEMO provides a range of data. Raw data is provided in Comma Separated Values (CSV) flat file format to enable access to a range of market data. Recent files are stored in a directory for current reports, and older files are moved into the respective archive reports directory. <br/> <br/>All electricity data provided by AEMO is available here: <br/> <br/>[http://aemo.com.au/Electricity/Data](http://aemo.com.au/Electricity/Data)"
        },
        {
          "name": "Updates",
          "content": "The Actual Generation and Load data is updated in 5-minute intervals."
        },
        {
          "name": "Data Custodian",
          "content": "AEMO is the data custodian of electricity generation data displayed on AREMI. Please refer to attribution, licensing and copyrights provisions further on this page. <br/> <br/>The Australian Energy Market Operator (AEMO) was established by the Council of Australian Governments (COAG) to manage the National Electricity Market (NEM) and gas markets from 1 July 2009. <br/> <br/>AEMO’s core functions can be grouped into the following areas: 1) Electricity Market Operator; 2) Gas Markets Operator; 3) National Transmission Planner; 4) Transmission Services; 5) Energy Market Development. <br/> <br/>AEMO operates on a cost recovery basis as a corporate entity limited by guarantee under the Corporations Law. Its membership structure is split between government and industry, respectively 60 and 40 percent. Government members of AEMO include the Queensland, New South Wales, Victorian, South Australian and Tasmanian state governments, the Commonwealth and the Australian Capital Territory. <br/> <br/>As part of the role of managing the NEM and assisting industry, AEMO publishes electricity market data updated in 5 minute intervals and on a daily, monthly and annual basis. Categories of data published are: <br/> <br/>1) Price and demand; <br/>2) Forecast supply and demand; <br/>3) Market notices; <br/>4) Ancillary services; <br/>5) Network data; <br/>6) Pre-dispatch demand forecasting performance; <br/>7) Settlements; <br/>8) Market management system (MMS) (which includes Generation & Load data). <br/> <br/>More information on AEMO and services provided is available here: <br/> <br/>[http://aemo.com.au/About-AEMO](http://aemo.com.au/About-AEMO)"
        },
        {
          "name": "Licensing, Terms & Conditions",
          "content": "Australian Energy Market Operator (AEMO) is the data custodian for Generation & Load data sets, available on AEMO’s website. <br/><br/>AREMI is displaying the data under AEMO’s licencing and copyright conditions detailed below. <br/><br/>The data is provided for information only and is not intended for commercial use. AEMO does not guarantee the accuracy of the data or its availability at all times.<br/><br/>AEMO, or its licensors, are the owners of all copyright and all other intellectual property rights in the contents of the AEMO website (including text and images). Users may only use such contents for personal use or as authorised by AEMO. Here are the details of the AEMO’s copyright permissions: <br/><br/>AEMO Material comprises documents, reports, sound and video recordings and any other material created by or on behalf of AEMO and made publicly available by AEMO. All AEMO Material is protected by copyright under Australian law. A publication is protected even if it does not display the © symbol.  <br/><br/>In addition to the uses permitted under copyright laws, AEMO confirms its general permission for anyone to use AEMO Material for any purpose, but only with accurate and appropriate attribution of the relevant AEMO Material and AEMO as its author. There is no need to obtain specific permission to use AEMO Material in this way. Confidential documents and any reports commissioned by another person or body who may own the copyright in them and NOT AEMO Material, and these permissions do not apply to those documents. <br/><br/>More information on conditions of use of AEMO generated data and information is available on the AEMO website: [http://aemo.com.au/About-AEMO/Legal-Notices](http://aemo.com.au/About-AEMO/Legal-Notices)"
        }
      ],
      "url": "https://services.aremi.data61.io/aemo/v6/csv/all",
      "cacheDuration": "5m",
      "rectangle": {
        "west": 134,
        "south": -47,
        "east": 155,
        "north": -13
      },
      "polling": {
        "seconds": 300,
        "shouldReplaceData": true
      },
      "columns": [
        {
          "name": "Station Name",
          "type": "hidden"
        },
        {
          "name": "Participant",
          "type": "hidden"
        },
        {
          "name": "Physical Unit No.",
          "type": "hidden"
        },
        {
          "name": "Aggregation",
          "type": "hidden"
        },
        {
          "name": "DUID",
          "type": "hidden"
        },
        {
          "name": "CSV for last 24h",
          "type": "hidden"
        },
        {
          "name": "CSV for all data",
          "type": "hidden"
        },
        {
          "name": "Latest 24h generation",
          "type": "hidden"
        },
        {
          "name": "Unit Size (MW)",
          "type": "hidden"
        }
      ],
      "activeStyle": "Current % of Max Cap",
      "defaultColumn": {
        "replaceWithZeroValues": [],
        "replaceWithNullValues": ["-"]
      },
      "defaultStyle": {
        "time": {
          "timeColumn": null
        },
        "color": {
          "nullColor": "rgba(255,255,255,0.1)",
          "nullLabel": "No value",
          "numberOfBins": 10,
          "binColors": [
            "rgb(94,79,162)",
            "rgb(50,136,189)",
            "rgb(102,194,165)",
            "rgb(171,221,164)",
            "rgb(230,245,152)",
            "rgb(254,224,139)",
            "rgb(253,174,97)",
            "rgb(244,109,67)",
            "rgb(213,62,79)",
            "rgb(158,1,66)"
          ]
        }
      },
      "featureInfoTemplate": {
        "name": "{{DUID}} - {{Station Name}}: {{Current % of Max Cap}}%",
        "template": "<h3>{{Station Name}} ({{DUID}})</h3><p><strong>{{Participant}}</strong><div><strong>{{Current Output (MW)}}MW</strong> at {{Most Recent Output Time (AEST)}}</div><div><strong>{{Current % of Reg Cap}}%</strong> of {{Reg Cap (MW)}}MW registered capacity</div><div><strong>{{Current % of Max Cap}}%</strong> of {{Max Cap (MW)}}MW maximum capacity</div></p><table>  <tbody>    <tr>      <td>Category</td>      <td class='strong'>{{Category}}</td>    </tr>    <tr>      <td>Classification</td>      <td class='strong'>{{Classification}}</td>    </tr>    <tr>      <td>Fuel Source</td>      <td class='strong'>{{Fuel Source - Primary}} ({{Fuel Source - Descriptor}})</td>    </tr>    <tr>      <td>Technology Type</td>      <td class='strong'>{{Technology Type - Primary}} ({{Technology Type - Descriptor}})</td>    </tr>    <tr>      <td>Physical Unit No.</td>      <td class='strong'>{{Physical Unit No_}}</td>    </tr>    <tr>      <td>Unit Size (MW)</td>      <td class='strong'>{{Unit Size (MW)}}</td>    </tr>    <tr>      <td>Aggregation</td>      <td class='strong'>{{Aggregation}}</td>    </tr>    <tr>      <td>Region</td>      <td class='strong'>{{Region}}</td>    </tr>    <tr><td>Power generation</td><td><chart id='{{DUID}}' title='{{Station Name}} ({{DUID}})' poll-seconds='300' poll-replace='true' sources='https://services.aremi.data61.io/aemo/v6/duidcsv/{{#terria.urlEncodeComponent}}{{DUID}}{{/terria.urlEncodeComponent}}?offset=1D,https://services.aremi.data61.io/aemo/v6/duidcsv/{{#terria.urlEncodeComponent}}{{DUID}}{{/terria.urlEncodeComponent}}?offset=7D,https://services.aremi.data61.io/aemo/v6/duidcsv/{{#terria.urlEncodeComponent}}{{DUID}}{{/terria.urlEncodeComponent}}?offset=1M,https://services.aremi.data61.io/aemo/v6/duidcsv/{{#terria.urlEncodeComponent}}{{DUID}}{{/terria.urlEncodeComponent}}?offset=3M' source-names='1d,7d,1m,3m' downloads='https://services.aremi.data61.io/aemo/v6/duidcsv/{{#terria.urlEncodeComponent}}{{DUID}}{{/terria.urlEncodeComponent}}?offset=7D,https://services.aremi.data61.io/aemo/v6/duidcsv/{{#terria.urlEncodeComponent}}{{DUID}}{{/terria.urlEncodeComponent}}?offset=1M,https://services.aremi.data61.io/aemo/v6/duidcsv/{{#terria.urlEncodeComponent}}{{DUID}}{{/terria.urlEncodeComponent}}?offset=3M,https://services.aremi.data61.io/aemo/v6/duidcsv/{{#terria.urlEncodeComponent}}{{DUID}}{{/terria.urlEncodeComponent}}' download-names='7d,1m,3m,All available' preview-x-label='Last 24 hours' column-names='Time,Power Generation' column-units='Date,MW'></chart></td></tr>  </tbody></table>"
      }
    },
    {
      "name": "XY Plot",
      "type": "csv",
      "url": "build/TerriaJS/test/csv_nongeo/xy.csv"
    },
    {
      "type": "esri-mapServer-group",
      "name": "Catchment Scale Land Use",
      "id": "354db2f2",
      "url": "https://www.asris.csiro.au/arcgis/rest/services/abares/clum_50m_2018/MapServer",
      "forceProxy": true
    }
  ],
  "baseMapId": "basemap-bing-aerial-with-labels",
  "previewBaseMapId": "basemap-positron"
}
