{
  "homeCamera": {
    "north": -8,
    "east": 158,
    "south": -45,
    "west": 109
  },
  "catalog": [
    {
      "name": "Example Datasets",
      "type": "group",
      "preserveOrder": true,
      "isOpen": true,
      "items": [
        {
          "name": "Data.gov.au",
          "type": "ckan",
          "url": "http://www.data.gov.au",
          "description": "![CKAN Logo](https://ckan.org/files/2017/03/Logo_438x144.png)\n\nThis demonstrates populating a catalog group by doing a live query to a [CKAN](https://ckan.org) server. When you expand this group the first time, CKAN is automatically queried via its `package_search` API and the compatible datasets are shown grouped by publishing organization.",
          "blacklist": {
            "Rainforests (EVC_2005)": true
          },
          "groupBy": "organization",
          "minimumMaxScaleDenominator": 10000000000,
          "filterByWmsGetCapabilities": false,
          "filterQuery": [
            {
              "fq": "+(res_format:(geojson OR GeoJSON OR kml OR KML OR kmz OR KMZ OR wms OR WMS OR CSV-GEO-AU OR csv-geo-au OR aus-geo-csv OR \"Esri REST\")) -(organization:alpine-shire-council OR organization:brimbank-city-council OR organization:brisbane-city-council OR organization:cairns-regional-council OR organization:cardinia-shire-council OR organization:central-goldfields-shire-council OR organization:city-of-ballarat OR organization:city-of-boroondara OR organization:city-of-casey OR organization:city-of-darwin OR organization:city-of-gold-coast OR organization:city-of-greater-bendigo OR organization:city-of-greater-dandenong OR organization:city-of-greater-geelong OR organization:city-of-hobart OR organization:city-of-ipswich OR organization:city-of-launceston OR organization:cityofmelbourne OR organization:city-of-monash OR organization:city-of-palmerston OR organization:city-of-port-phillip OR organization:city-of-stonnington OR organization:city-of-whittlesea OR organization:city-of-yarra OR organization:colac-otway-shire OR organization:corangamite-shire-council OR organization:frankston-city-council OR organization:fraser-coast-regional-council OR organization:gcc OR organization:glen-eira-city-council OR organization:glenelg-shire-council OR organization:golden-plains-shire-council OR organization:greater-shepparton-city-council OR organization:hindmarsh-shire-council OR organization:hobsons-bay-city-council OR organization:horsham-rural-city-council OR organization:lake-macquarie-city-council OR organization:loddon-shire-council OR organization:logan-city-council OR organization:macedon-ranges-shire-council OR organization:manningham-city-council OR organization:mansfield-shire-council OR organization:maribyrnong-city-council OR organization:melton-city-council OR organization:moreton-bay-regional-council OR organization:mosmanmunicipalcouncil OR organization:nillumbik-shire-council OR organization:noosa-shire-council OR organization:northern-grampians-shire-council OR organization:southern-grampians-shire-council OR organization:strathbogie-shire-council OR organization:surf-coast-shire-council OR organization:swan-hill-rural-city-council OR organization:warrnambool-city-council OR organization:west-wimmera-shire-council OR organization:wodonga-city-council OR organization:www-mitchellshirecouncil-vic-gov-au OR organization:wyndham-city-council OR organization:yarra-ranges-council OR organization:yarriambiack-shire-council) -(organization:australian-institute-of-marine-science OR organization:geoscienceaustralia OR organization:csiro-oceans-and-atmosphere-information-and-data-centre OR organization:csiro-marine-and-amospheric-research OR organization:state-of-the-environment OR organization:new-south-wales-datasets OR organization:south-australian-governments)"
            }
          ],
          "includeCsv": true,
          "includeGeoJson": true,
          "includeKml": true,
          "includeWms": true,
          "includeWfs": true,
          "includeEsriMapServer": true,
          "includeEsriFeatureServer": true
        },
        {
          "name": "aero3Dpro",
          "type": "group",
          "description": "![aero3Dpro](http://aero3dpro.com.au/images/aero3dpro-logo2.png)\n\nAero3Dpro is an Australian 3D mapping service for the generation of geographically accurate, fully textured and high resolution 3D models of natural and urban environments.\n\nIt is an end-to-end service based on aerial photogrammetry techniques including flight planning, image acquisition, 3D processing, geo-registration and final delivery.\n\nAero3Dpro models can be provided as stand-alone data for use in common 3D rendering and CAD software or as 3D GIS-ready products.\n\nhttp://aero3dpro.com.au/\n\nThese datasets use the [Cesium 3D Tiles](https://github.com/AnalyticalGraphicsInc/3d-tiles) format.",
          "items": [
            {
              "name": "Brisbane 3D city model (aero3Dpro)",
              "type": "3d-tiles",
              "description": "![aero3Dpro](http://aero3dpro.com.au/images/aero3dpro-logo2.png)\n\nAero3Dpro is an Australian 3D mapping service for the generation of geographically accurate, fully textured and high resolution 3D models of natural and urban environments.\n\nIt is an end-to-end service based on aerial photogrammetry techniques including flight planning, image acquisition, 3D processing, geo-registration and final delivery.\n\nAero3Dpro models can be provided as stand-alone data for use in common 3D rendering and CAD software or as 3D GIS-ready products.\n\nhttp://aero3dpro.com.au/\n\nThese datasets use the [Cesium 3D Tiles](https://github.com/AnalyticalGraphicsInc/3d-tiles) format.",
              "url": "https://sample.aero3dpro.com.au/BrisbaneCBD/Scene/recon_h_3DTiles.json",
              "options": {
                "maximumScreenSpaceError": 1,
                "maximumNumberOfLoadedTiles": 1000
              },
              "rectangle": [
                153.01,
                -27.484,
                153.034,
                -27.46
              ]
            },
            {
              "name": "Melbourne 3D city model (aero3Dpro)",
              "type": "3d-tiles",
              "description": "![aero3Dpro](http://aero3dpro.com.au/images/aero3dpro-logo2.png)\n\nAero3Dpro is an Australian 3D mapping service for the generation of geographically accurate, fully textured and high resolution 3D models of natural and urban environments.\n\nIt is an end-to-end service based on aerial photogrammetry techniques including flight planning, image acquisition, 3D processing, geo-registration and final delivery.\n\nAero3Dpro models can be provided as stand-alone data for use in common 3D rendering and CAD software or as 3D GIS-ready products.\n\nhttp://aero3dpro.com.au/\n\nThese datasets use the [Cesium 3D Tiles](https://github.com/AnalyticalGraphicsInc/3d-tiles) format.",
              "url": "https://sample.aero3dpro.com.au/Melbourne/Scene/recon_h_3DTiles.json",
              "options": {
                  "maximumScreenSpaceError": 1,
                  "maximumNumberOfLoadedTiles": 1000
              },
              "rectangle": [
                144.868,
                -37.885,
                145.018,
                -37.775
              ]
            },
            {
              "name": "Sydney 3D city model (aero3Dpro)",
              "type": "3d-tiles",
              "description": "![aero3Dpro](http://aero3dpro.com.au/images/aero3dpro-logo2.png)\n\nAero3Dpro is an Australian 3D mapping service for the generation of geographically accurate, fully textured and high resolution 3D models of natural and urban environments.\n\nIt is an end-to-end service based on aerial photogrammetry techniques including flight planning, image acquisition, 3D processing, geo-registration and final delivery.\n\nAero3Dpro models can be provided as stand-alone data for use in common 3D rendering and CAD software or as 3D GIS-ready products.\n\nhttp://aero3dpro.com.au/\n\nThese datasets use the [Cesium 3D Tiles](https://github.com/AnalyticalGraphicsInc/3d-tiles) format.",
              "url": "https://sample.aero3dpro.com.au/Sydney/Scene/recon_h_3DTiles.json",
              "options": {
                  "maximumScreenSpaceError": 1,
                  "maximumNumberOfLoadedTiles": 1000
              },
              "rectangle": [
                151.161,
                -33.923,
                151.3075,
                -33.796
              ]
            }
          ]
        },
        {
          "name": "Small glTF 3D Models",
          "description": "Demonstrations of adding 3D building data to the map using glTF.",
          "type": "group",
          "items": [
            {
              "name": "Smooth Geelong Buildings glTF Mini Demo",
              "description": "geelong_mini_demo_bin_linux_v1.0-draft_x64.gltf was created using data made available from the [City of Greater Geelong](mailto:gis@geelongcity.vic.gov.au) under a Creative Commons license. The data used to create this demo was originally obtained via email in .skp format (> 100MB so not suitable for inclusion in this repo), however there is also a lower quality dataset of the same region available on data.gov.au in .kml/.dae format (this dataset does not seem to contain building textures).\n\nSee [readme.txt](test/3d/geelong/readme.txt) for more information.",
              "attribution": "geelong_mini_demo_bin_linux_v1.0-draft_x64.gltf was created using a dataset obtained from the City of Greater Geelong. The original dataset is licensed under the CC BY 3.0 AU.",
              "type": "czml",
              "url": "test/3d/geelong/smooth.czml",
              "rectangle": [
                144.354,
                -38.147,
                144.358,
                -38.150
              ]
            },
            {
              "name": "Terrain Geelong Buildings glTF Mini Demo",
              "description": "geelong_mini_demo_bin_linux_v1.0-draft_x64.gltf was created using data made available from the [City of Greater Geelong](mailto:gis@geelongcity.vic.gov.au) under a Creative Commons license. The data used to create this demo was originally obtained via email in .skp format (> 100MB so not suitable for inclusion in this repo), however there is also a lower quality dataset of the same region available on data.gov.au in .kml/.dae format (this dataset does not seem to contain building textures).\n\nSee [readme.txt](test/3d/geelong/readme.txt) for more information.",
              "attribution": "geelong_mini_demo_bin_linux_v1.0-draft_x64.gltf was created using a dataset obtained from the City of Greater Geelong. The original dataset is licensed under the CC BY 3.0 AU.",
              "type": "czml",
              "url": "test/3d/geelong/terrain.czml",
              "rectangle": [
                144.354,
                -38.147,
                144.358,
                -38.150
              ]
            }
          ]
        },
        {
          "name": "ABC Photo Stories (2009-2014)",
          "description": "Australia Broadcasting Company stories from 2009-2014 with accompanying photos.\n\nThis dataset demonstrates the ability to show users a custom feature info panel when they click on a feature on the map.",
          "type": "csv",
          "url": "test/localphotostories20092014.csv",
          "featureInfoTemplate": {
            "template": "<div class='abc'><small>{{Date}}</small>{{#Primary image}}<figure><img src='{{Primary image}}'/><figcaption>{{Primary image caption}}</figcaption></figure>{{/Primary image}}<p><a target='_blank' href={{URL}}>Read More</a></div>"
          },
          "tableStyle": {
            "dataVariable": "State",
            "timeColumn": null
          }
        },
        {
          "id": "54a553b4",
          "name": "NEM Current Power Generation - All generation types",
          "url": "http://services.aremi.data61.io/aemo/v6/csv/all",
          "type": "csv",
          "cacheDuration": "5m",
          "featureInfoTemplate": {
            "name": "{{DUID}} - {{Station Name}}: {{Current % of Max Cap}}%",
            "template": "<h3>{{Station Name}} ({{DUID}})</h3><p><strong>{{Participant}}</strong><div><strong>{{Current Output (MW)}}MW</strong> at {{Most Recent Output Time (AEST)}}</div><div><strong>{{Current % of Reg Cap}}%</strong> of {{Reg Cap (MW)}}MW registered capacity</div><div><strong>{{Current % of Max Cap}}%</strong> of {{Max Cap (MW)}}MW maximum capacity</div></p><table>  <tbody>    <tr>      <td>Category</td>      <td class='strong'>{{Category}}</td>    </tr>    <tr>      <td>Classification</td>      <td class='strong'>{{Classification}}</td>    </tr>    <tr>      <td>Fuel Source</td>      <td class='strong'>{{Fuel Source - Primary}} ({{Fuel Source - Descriptor}})</td>    </tr>    <tr>      <td>Technology Type</td>      <td class='strong'>{{Technology Type - Primary}} ({{Technology Type - Descriptor}})</td>    </tr>    <tr>      <td>Physical Unit No.</td>      <td class='strong'>{{Physical Unit No_}}</td>    </tr>    <tr>      <td>Unit Size (MW)</td>      <td class='strong'>{{Unit Size (MW)}}</td>    </tr>    <tr>      <td>Aggregation</td>      <td class='strong'>{{Aggregation}}</td>    </tr>    <tr>      <td>Region</td>      <td class='strong'>{{Region}}</td>    </tr>    <tr><td>Power generation</td><td><chart id='{{DUID}}' title='{{Station Name}} ({{DUID}})' poll-seconds='300' poll-replace='true' sources='https://services.aremi.data61.io/aemo/v6/duidcsv/{{#terria.urlEncodeComponent}}{{DUID}}{{/terria.urlEncodeComponent}}?offset=1D,https://services.aremi.data61.io/aemo/v6/duidcsv/{{#terria.urlEncodeComponent}}{{DUID}}{{/terria.urlEncodeComponent}}?offset=7D,https://services.aremi.data61.io/aemo/v6/duidcsv/{{#terria.urlEncodeComponent}}{{DUID}}{{/terria.urlEncodeComponent}}?offset=1M,https://services.aremi.data61.io/aemo/v6/duidcsv/{{#terria.urlEncodeComponent}}{{DUID}}{{/terria.urlEncodeComponent}}?offset=3M' source-names='1d,7d,1m,3m' downloads='https://services.aremi.data61.io/aemo/v6/duidcsv/{{#terria.urlEncodeComponent}}{{DUID}}{{/terria.urlEncodeComponent}}?offset=7D,https://services.aremi.data61.io/aemo/v6/duidcsv/{{#terria.urlEncodeComponent}}{{DUID}}{{/terria.urlEncodeComponent}}?offset=1M,https://services.aremi.data61.io/aemo/v6/duidcsv/{{#terria.urlEncodeComponent}}{{DUID}}{{/terria.urlEncodeComponent}}?offset=3M,https://services.aremi.data61.io/aemo/v6/duidcsv/{{#terria.urlEncodeComponent}}{{DUID}}{{/terria.urlEncodeComponent}}' download-names='7d,1m,3m,All available' preview-x-label='Last 24 hours' column-names='Time,Power Generation' column-units='Date,MW'></chart></td></tr>  </tbody></table>"
          },
          "polling": {
            "seconds": 300,
            "replace": true
          },
          "rectangle": [
            "134.0",
            "-47.0",
            "155.0",
            "-13.0"
          ],
          "tableStyle": {
            "dataVariable": "Current % of Max Cap",
            "timeColumn": null,
            "replaceWithZeroValues": [],
            "replaceWithNullValues": [
              "-"
            ],
            "nullColor": "rgba(255,255,255,0.1)",
            "nullLabel": "No value",
            "scaleByValue": true,
            "scale": 1.5,
            "colorBins": 10,
            "colorMap": "rgb(94,79,162)-rgb(50,136,189)-rgb(102,194,165)-rgb(171,221,164)-rgb(230,245,152)-rgb(254,224,139)-rgb(253,174,97)-rgb(244,109,67)-rgb(213,62,79)-rgb(158,1,66)",
            "columns": {
              "Station Name": {
                "type": "HIDDEN"
              },
              "Participant": {
                "type": "HIDDEN"
              },
              "Physical Unit No.": {
                "type": "HIDDEN"
              },
              "Aggregation": {
                "type": "HIDDEN"
              },
              "DUID": {
                "type": "HIDDEN"
              },
              "CSV for last 24h": {
                "type": "HIDDEN"
              },
              "CSV for all data": {
                "type": "HIDDEN"
              },
              "Latest 24h generation": {
                "type": "HIDDEN"
              },
              "Unit Size (MW)": {
                "type": "HIDDEN"
              }
            }
          },
          "info": [
            {
              "name": "Description",
              "content": "The AEMO Actual Generation and Load data represents actual generation data for each scheduled generation unit, semi-scheduled generation unit, and non-scheduled generating systems (a non-scheduled generating system comprising non-scheduled generating units) for registered units in the National Electricity Market (NEM). The data is given in MegaWatt (MW). <br/> <br/>Detailed information about the AEMO Generation and Load data is available here: <br/> <br/>[http://aemo.com.au/Electricity/Data/Market-Management-System-MMS/Generation-and-Load](http://aemo.com.au/Electricity/Data/Market-Management-System-MMS/Generation-and-Load) <br/> <br/>Visualisation of AEMO current generation data is based on data files generated every 5 minutes available here: <br/> <br/>[http://www.nemweb.com.au/REPORTS/CURRENT/Dispatch_SCADA/](http://www.nemweb.com.au/REPORTS/CURRENT/Dispatch_SCADA/) <br/> <br/>Visualisation of AEMO historic data is based on daily data files available here: <br/> <br/>[http://www.nemweb.com.au/REPORTS/ARCHIVE/Dispatch_SCADA/](http://www.nemweb.com.au/REPORTS/ARCHIVE/Dispatch_SCADA/) <br/> <br/>AEMO provides a range of data. Raw data is provided in Comma Separated Values (CSV) flat file format to enable access to a range of market data. Recent files are stored in a directory for current reports, and older files are moved into the respective archive reports directory. <br/> <br/>All electricity data provided by AEMO is available here: <br/> <br/>[http://aemo.com.au/Electricity/Data](http://aemo.com.au/Electricity/Data)"
            },
            {
              "name": "Updates",
              "content": "The Actual Generation and Load data is updated in 5-minute intervals."
            },
            {
              "name": "Data Custodian",
              "content": "AEMO is the data custodian of electricity generation data displayed on AREMI. Please refer to attribution, licensing and copyrights provisions further on this page. <br/> <br/>The Australian Energy Market Operator (AEMO) was established by the Council of Australian Governments (COAG) to manage the National Electricity Market (NEM) and gas markets from 1 July 2009. <br/> <br/>AEMO’s core functions can be grouped into the following areas: 1) Electricity Market Operator; 2) Gas Markets Operator; 3) National Transmission Planner; 4) Transmission Services; 5) Energy Market Development. <br/> <br/>AEMO operates on a cost recovery basis as a corporate entity limited by guarantee under the Corporations Law. Its membership structure is split between government and industry, respectively 60 and 40 percent. Government members of AEMO include the Queensland, New South Wales, Victorian, South Australian and Tasmanian state governments, the Commonwealth and the Australian Capital Territory. <br/> <br/>As part of the role of managing the NEM and assisting industry, AEMO publishes electricity market data updated in 5 minute intervals and on a daily, monthly and annual basis. Categories of data published are: <br/> <br/>1) Price and demand; <br/>2) Forecast supply and demand; <br/>3) Market notices; <br/>4) Ancillary services; <br/>5) Network data; <br/>6) Pre-dispatch demand forecasting performance; <br/>7) Settlements; <br/>8) Market management system (MMS) (which includes Generation & Load data). <br/> <br/>More information on AEMO and services provided is available here: <br/> <br/>[http://aemo.com.au/About-AEMO](http://aemo.com.au/About-AEMO)"
            },
            {
              "name": "Licensing, Terms & Conditions",
              "content": "Australian Energy Market Operator (AEMO) is the data custodian for Generation & Load data sets, available on AEMO’s website. <br/><br/>AREMI is displaying the data under AEMO’s licencing and copyright conditions detailed below. <br/><br/>The data is provided for information only and is not intended for commercial use. AEMO does not guarantee the accuracy of the data or its availability at all times.<br/><br/>AEMO, or its licensors, are the owners of all copyright and all other intellectual property rights in the contents of the AEMO website (including text and images). Users may only use such contents for personal use or as authorised by AEMO. Here are the details of the AEMO’s copyright permissions: <br/><br/>AEMO Material comprises documents, reports, sound and video recordings and any other material created by or on behalf of AEMO and made publicly available by AEMO. All AEMO Material is protected by copyright under Australian law. A publication is protected even if it does not display the © symbol.  <br/><br/>In addition to the uses permitted under copyright laws, AEMO confirms its general permission for anyone to use AEMO Material for any purpose, but only with accurate and appropriate attribution of the relevant AEMO Material and AEMO as its author. There is no need to obtain specific permission to use AEMO Material in this way. Confidential documents and any reports commissioned by another person or body who may own the copyright in them and NOT AEMO Material, and these permissions do not apply to those documents. <br/><br/>More information on conditions of use of AEMO generated data and information is available on the AEMO website: [http://aemo.com.au/About-AEMO/Legal-Notices](http://aemo.com.au/About-AEMO/Legal-Notices)"
            }
          ]
        },
        {
          "name": "Bird migration paths",
          "description": "Geographic centers of occurrence estimated daily for 118 migratory bird species using eBird occurrence information for the combined period 2002 to 2014. Additional details on the data and methods can be found here:\nLa Sorte, F.A., Fink, D., Hochachka, W.M. & Kelling, S. (2016) Convergence of broad-scale migration strategies in terrestrial birds. Proceedings of the Royal Society of London B: Biological Sciences, 283, 20152588.\n\n_Don't forget to press the PLAY button below the map after addding this dataset._",
          "type": "czml",
          "url": "test/all_birds.czml",
          "zoomOnEnable": true,
          "rectangle": [
            -160,
            -20,
            -30,
            60
          ]
        },
        {
          "url": "http://services.ga.gov.au/gis/rest/services/GA_Surface_Geology/MapServer",
          "type": "esri-mapServer",
          "dataCustodian": "[Geoscience Australia](http://www.ga.gov.au/)",
          "name": "Surface Geology",
          "rectangle": [
            106,
            -52,
            172,
            -8
          ],
          "info": [
            {
              "name": "Licence",
              "content": "[Creative Commons Attribution 4.0 International (CC BY 4.0)](http://creativecommons.org/licenses/by/4.0/)"
            }
          ]
        },
        {
          "layers": "WaterSummary",
          "url": "http://eos.ga.gov.au/geoserver/NFRIP-WOfS/wms",
          "type": "wms",
          "rectangle": [
            111,
            -45,
            155,
            -10
          ],
          "dataCustodian": "[Geoscience Australia](http://www.ga.gov.au/)\n\n[nfrip@ga.gov.au](mailto:nfrip@ga.gov.au)",
          "name": "Water Observations from Space - Summary",
          "dataUrlType": "direct",
          "dataUrl": "http://www.ga.gov.au/scientific-topics/hazards/flood/wofs",
          "info": [
            {
              "name": "Licence",
              "content": "[Creative Commons Attribution 4.0 International (CC BY 4.0)](http://creativecommons.org/licenses/by/4.0/)"
            }
          ]
        },
        {
          "description": "Chlorophyll-a, reflecting wavelengths in the green part of the visible light spectrum, is the substance that helps plants capture the sun’s energy. In the water, it indicates the presence of microscopic green algae (phytoplankton). While these plants are a natural part of the reef ecosystem, elevated numbers (a bloom) of phytoplankton signal elevated nutrient levels, especially nitrogen, in the water. Typical sources are runoff from excess fertiliser being applied to crops and, to a lesser extent in the Great Barrier Reef region, sewage contamination from urban areas.",
          "layers": "Chl_MIM_mean",
          "name": "Chlorophyll-a concentration (annual)",
          "parameters": {
            "ABOVEMAXCOLOR": "0xAF324B",
            "BELOWMINCOLOR": "transparent",
            "COLORSCALERANGE": "0,1",
            "FORMAT": "image/png",
            "LAYERS": "Chl_MIM_median",
            "LOGSCALE": "false",
            "NUMCOLORBANDS": "16",
            "PALETTE": "mwq_chl",
            "STYLES": "boxfill/mwq_chl",
            "TRANSPARENT": "true",
            "VERSION": "1.1.1"
          },
          "type": "wms",
          "url": "http://ereeftds.bom.gov.au/ereefs/tds/wms/ereefs/mwq_gridAgg_P1A"
        },
        {
          "layer": "s2cloudless",
          "name": "Sentinel-2 cloudless world 2016",
          "type": "wmts",
          "url": "https://a.s2maps-tiles.eu/wmts/",
          "tileMatrixSetID": "WGS84",
          "tilingScheme": "geographic",
          "style": "default",
          "opacity": 1
        },
        {
          "layer": "s2cloudless-2018",
          "name": "Sentinel-2 cloudless world 2018",
          "type": "wmts",
          "url": "https://a.s2maps-tiles.eu/wmts/",
          "tileMatrixSetID": "WGS84",
          "tilingScheme": "geographic",
          "style": "default",
          "opacity": 1
        }
      ]
    }
  ]
}